{"cameraMode":{"drawMode":0,"name":"Shaded","section":"Shading Mode"},"sceneLighting":false,"audioPlay":false,"sceneViewState":{"showFog":true,"showMaterialUpdate":false,"showSkybox":true,"showFlares":true,"showImageEffects":true,"showParticleSystems":true},"in2DMode":false,"pivot":{"x":63.291507720947269,"y":55.53854751586914,"z":40.52705383300781},"rotation":{"x":0.10611172020435333,"y":-0.41773152351379397,"z":0.04943806305527687,"w":0.9012314677238464},"size":1000.2593383789063,"orthographic":false}