{"cameraMode":{"drawMode":0,"name":"Shaded","section":"Shading Mode"},"sceneLighting":false,"audioPlay":false,"sceneViewState":{"showFog":true,"showMaterialUpdate":false,"showSkybox":true,"showFlares":true,"showImageEffects":true,"showParticleSystems":true},"in2DMode":false,"pivot":{"x":0.615020751953125,"y":0.8399999141693115,"z":-7.199999809265137},"rotation":{"x":0.10611172020435333,"y":-0.41773152351379397,"z":0.04943806305527687,"w":0.9012314677238464},"size":2.937741994857788,"orthographic":false}