{"cameraMode":{"drawMode":0,"name":"Shaded","section":"Shading Mode"},"sceneLighting":false,"audioPlay":false,"sceneViewState":{"showFog":true,"showMaterialUpdate":false,"showSkybox":true,"showFlares":true,"showImageEffects":true,"showParticleSystems":true},"in2DMode":false,"pivot":{"x":6.423471450805664,"y":9.155526161193848,"z":-3.059584617614746},"rotation":{"x":0.10611172020435333,"y":-0.41773152351379397,"z":0.04943806305527687,"w":0.9012314677238464},"size":7.917360782623291,"orthographic":false}