{"cameraMode":{"drawMode":0,"name":"Shaded","section":"Shading Mode"},"sceneLighting":false,"audioPlay":false,"sceneViewState":{"showFog":true,"showMaterialUpdate":false,"showSkybox":true,"showFlares":true,"showImageEffects":true,"showParticleSystems":true},"in2DMode":false,"pivot":{"x":-4.5,"y":-0.8999999761581421,"z":-2.5885581970214845},"rotation":{"x":0.10611172020435333,"y":-0.41773152351379397,"z":0.04943806305527687,"w":0.9012314677238464},"size":8.088366508483887,"orthographic":false}