{"cameraMode":{"drawMode":0,"name":"Shaded","section":"Shading Mode"},"sceneLighting":false,"audioPlay":false,"sceneViewState":{"showFog":true,"showMaterialUpdate":false,"showSkybox":true,"showFlares":true,"showImageEffects":true,"showParticleSystems":true},"in2DMode":false,"pivot":{"x":-3.4864206314086916,"y":0.6268916130065918,"z":10.317864418029786},"rotation":{"x":0.10611172020435333,"y":-0.41773152351379397,"z":0.04943806305527687,"w":0.9012314677238464},"size":35.7751350402832,"orthographic":false}